"BUSD","Binance","BUSD/USDT","594329661.11000000","2021-06-14T04:49:54.000Z"
"BUSD","Binance.US","BUSD/USD","11595669.98380486","2021-06-14T05:01:53.000Z"
"BUSD","VCC Exchange","BUSD/USDT","7503422.20971997","2021-06-14T04:48:08.000Z"
"BUSD","BKEX","BUSD/USDT","5661325.37720000","2021-06-14T04:48:10.000Z"
"BUSD","Binance","BUSD/DAI","4115640.21000000","2021-06-14T05:04:54.000Z"
"BUSD","Binance.US","BUSD/USDT","3631335.77550600","2021-06-14T04:49:53.000Z"
"BUSD","DODO BSC","BUSD/USDT","1496753.71956454","2021-06-14T04:48:23.000Z"
"BUSD","LocalTrade","BUSD/USDT","1185089.93896918","2021-06-14T04:48:10.000Z"
"BUSD","DODO BSC","BUSD/USDC","932091.59042527","2021-06-14T05:03:24.000Z"
"BUSD","TOKOK","BUSD/USDT","869098.46000000","2021-06-14T04:48:11.000Z"
"BUSD","Coinsbit","BUSD/USDT","288822.41044351","2021-06-14T04:48:11.000Z"
"BUSD","MXC.COM","BUSD/USDT","239149.65000000","2021-06-14T05:03:12.000Z"
"BUSD","Bilaxy","BUSD/USDT","224089.19000000","2021-06-14T05:03:11.000Z"
"BUSD","OceanEx","BUSD/USDT","199044.25000000","2021-06-14T05:03:10.000Z"
"BUSD","Gate.io","BUSD/USDT","191871.64777931","2021-06-14T05:04:53.000Z"
"BUSD","WazirX","BUSD/USDT","93362.33000000","2021-06-14T05:03:10.000Z"
"BUSD","OpenOcean","BUSD/USDC","64790.83483372","2021-06-14T05:03:12.000Z"
"BUSD","OpenOcean","BUSD/USDT","36921.52282302","2021-06-14T05:03:12.000Z"
"BUSD","Hotbit","BUSD/USDT","35659.57699183","2021-06-14T05:03:15.000Z"
"BUSD","CoinTiger","BUSD/USDT","35314.65669667","2021-06-14T05:03:10.000Z"
"BUSD","Folgory","BUSD/DAI","32731.61708700","2021-06-14T05:03:11.000Z"
"BUSD","Hoo","BUSD/USDT","32649.22000000","2021-06-14T05:03:12.000Z"
"BUSD","Azbit","BUSD/USDT","23638.23000000","2021-06-14T05:03:11.000Z"
"BUSD","CoinDCX","BUSD/USDT","23218.15533507","2021-06-14T05:03:12.000Z"
"BUSD","CEX.IO","BUSD/USD","14459.39532100","2021-06-14T04:57:09.000Z"
"BUSD","Folgory","BUSD/USDT","11931.76677900","2021-06-14T05:03:11.000Z"
"BUSD","0x Protocol","BUSD/USDT","4163.41208877","2021-06-14T05:03:19.000Z"
"BUSD","Poloniex","BUSD/USDT","3652.39661879","2021-06-14T05:04:53.000Z"
"BUSD","BiKi","BUSD/USDT","2320.80000000","2021-06-14T05:03:10.000Z"
"BUSD","OpenOcean","BUSD/DAI","1580.81012350","2021-06-14T05:03:12.000Z"
"BUSD","HitBTC","BUSD/USDT","650.48408907","2021-06-14T05:03:12.000Z"
"BUSD","Changelly PRO","BUSD/USDT","650.48408907","2021-06-14T05:03:10.000Z"
"BUSD","Tokenlon","BUSD/USDT","112.55080696","2021-06-14T05:03:11.000Z"
"BUSD","ViteX","BUSD/USDT","96.17997998","2021-06-14T05:03:11.000Z"
"BUSD","CEX.IO","BUSD/USDT","94.58390600","2021-06-14T05:03:10.000Z"
"BUSD","KULAP","BUSD/DAI","0.00000000","2021-06-14T05:03:12.000Z"
"BUSD","KULAP","BUSD/USDC","0.00000000","2021-06-14T05:03:12.000Z"
"BUSD","KULAP","BUSD/USDT","0.00000000","2021-06-14T05:03:12.000Z"
"CUSD","Okcoin","CUSD/USD","9177.83643644","2021-06-14T05:00:10.000Z"
"CUSD","Coinlist Pro","CUSD/USD","5232.27024322","2021-06-14T05:00:10.000Z"
"DAI","Uniswap (V3)","DAI/USDC","16743987.18313035","2021-06-14T05:03:07.000Z"
"DAI","Coinbase Exchange","DAI/USD","8464247.70791000","2021-06-14T05:00:08.000Z"
"DAI","DODO","DAI/USDT","7076577.94999307","2021-06-14T04:48:11.000Z"
"DAI","Curve Finance","DAI/USDC","6692614.28752587","2021-06-14T05:03:14.000Z"
"DAI","Curve Finance","DAI/SUSD","1528047.07110486","2021-06-14T05:03:14.000Z"
"DAI","Gemini","DAI/USD","1473214.34725460","2021-06-14T05:00:53.000Z"
"DAI","Kraken","DAI/USDT","1453561.55073625","2021-06-14T04:49:54.000Z"
"DAI","Uniswap (V3)","DAI/FEI","1084212.41276223","2021-06-14T05:03:07.000Z"
"DAI","Kraken","DAI/USD","1034069.96655918","2021-06-14T05:00:54.000Z"
"DAI","Curve Finance","DAI/USDT","1011561.40685077","2021-06-14T04:48:10.000Z"
"DAI","Huobi Global","DAI/HUSD","965348.80870194","2021-06-14T05:04:54.000Z"
"DAI","Binance.US","DAI/USD","795400.24737841","2021-06-14T05:00:53.000Z"
"DAI","1inch Exchange","DAI/USDT","626275.20690378","2021-06-14T04:48:28.000Z"
"DAI","QuickSwap","DAI/USDT","608822.07348857","2021-06-14T04:48:07.000Z"
"DAI","Uniswap (V2)","DAI/FEI","576277.37709186","2021-05-21T08:54:07.000Z"
"DAI","XT.COM","DAI/USDT","561433.28000000","2021-06-14T04:45:13.000Z"
"DAI","MDEX(BSC)","DAI/USDT","525484.36532955","2021-06-14T04:48:10.000Z"
"DAI","Dfyn Network","DAI/USDT","297667.30927818","2021-06-14T04:48:10.000Z"
"DAI","Hotcoin Global","DAI/USDT","289777.08063743","2021-06-14T04:48:11.000Z"
"DAI","1inch Exchange","DAI/USDC","284892.44765301","2021-06-14T05:03:24.000Z"
"DAI","AOFEX","DAI/USDT","283354.22013361","2021-06-14T04:48:11.000Z"
"DAI","FTX","DAI/USD","268746.81137748","2021-06-14T05:00:53.000Z"
"DAI","Coinbase Exchange","DAI/USDC","251539.56636000","2021-06-14T05:04:53.000Z"
"DAI","OKEx","DAI/USDT","235575.02272064","2021-06-14T05:04:54.000Z"
"DAI","OpenOcean","DAI/USDT","221883.91735814","2021-06-14T05:03:12.000Z"
"DAI","Huobi Global","DAI/USDT","212955.44097405","2021-06-14T05:04:54.000Z"
"DAI","Xtheta Global","DAI/USDT","183475.74230331","2021-06-14T05:03:12.000Z"
"DAI","Curve Finance","DAI/BUSD","159597.65585350","2021-06-14T05:03:14.000Z"
"DAI","Tokenlon","DAI/USDT","157527.78854074","2021-06-14T05:03:11.000Z"
"DAI","AEX","DAI/USDT","143749.11240000","2021-03-17T09:36:08.000Z"
"DAI","Bitstamp","DAI/USD","130353.45945000","2021-06-14T05:00:53.000Z"
"DAI","Hoo","DAI/USDT","120903.08000000","2021-06-14T05:03:12.000Z"
"DAI","BitZ","DAI/USDT","113572.01000000","2021-05-12T07:24:11.000Z"
"DAI","Uniswap (V2)","DAI/USDT","109833.87951656","2021-06-14T05:03:11.000Z"
"DAI","Folgory","DAI/USDC","107511.70833300","2021-06-14T05:03:11.000Z"
"DAI","Uniswap (V2)","DAI/USDC","106704.03749424","2021-06-14T05:03:11.000Z"
"DAI","0x Protocol","DAI/USDC","105747.91910772","2021-06-14T05:03:19.000Z"
"DAI","FTX","DAI/USDT","104096.51140202","2021-06-14T05:04:53.000Z"
"DAI","Curve Finance","DAI/TUSD","96645.47975686","2021-06-14T05:00:12.000Z"
"DAI","MXC.COM","DAI/USDT","79038.62000000","2021-06-14T05:03:12.000Z"
"DAI","Crypto.com Exchange","DAI/USDT","76353.47100000","2021-06-14T05:03:13.000Z"
"DAI","FTX US","DAI/USDT","75221.44121763","2021-06-14T05:03:11.000Z"
"DAI","Curve Finance","DAI/PAX","68875.91010280","2021-06-14T05:03:14.000Z"
"DAI","Bitfinex","DAI/USD","51919.57808847","2021-06-14T05:00:53.000Z"
"DAI","DigiFinex","DAI/USDT","42001.66580074","2021-06-14T05:03:10.000Z"
"DAI","Gate.io","DAI/USDT","35928.79258810","2021-06-14T05:04:53.000Z"
"DAI","Tokenlon","DAI/TUSD","29763.31110000","2020-12-23T00:30:08.000Z"
"DAI","ZT","DAI/USDT","23522.20000000","2021-06-14T05:03:11.000Z"
"DAI","Bittrex","DAI/USDT","23341.42279665","2021-06-14T05:04:53.000Z"
"DAI","0x Protocol","DAI/USDT","17617.46241870","2021-06-14T05:03:19.000Z"
"DAI","DeversiFi","DAI/USDT","14412.16000000","2021-06-14T05:03:10.000Z"
"DAI","Poloniex","DAI/USDT","12471.86601055","2021-06-14T05:04:53.000Z"
"DAI","WhiteBIT","DAI/USDT","10544.18000000","2021-06-14T05:03:10.000Z"
"DAI","ProBit Exchange","DAI/USDT","8147.37579135","2021-06-14T05:03:12.000Z"
"DAI","CEX.IO","DAI/USD","4950.79753800","2021-06-14T05:00:10.000Z"
"DAI","EXMO","DAI/USD","4666.97908611","2021-06-14T05:00:11.000Z"
"DAI","OpenOcean","DAI/BUSD","4551.53681896","2021-06-13T08:39:12.000Z"
"DAI","Huobi Korea","DAI/USDT","4211.75079636","2021-06-14T05:03:07.000Z"
"DAI","Balancer","DAI/USDC","3906.79708396","2021-06-14T05:03:08.000Z"
"DAI","Okcoin","DAI/USD","3233.74525285","2021-06-14T05:00:10.000Z"
"DAI","1inch Exchange","DAI/SUSD","2974.78169371","2021-06-14T05:03:24.000Z"
"DAI","Bittrex","DAI/USD","2948.60896813","2021-06-14T05:00:53.000Z"
"DAI","Hotbit","DAI/USDT","2311.07592540","2021-06-14T05:03:15.000Z"
"DAI","OpenOcean","DAI/USDC","1998.40000000","2021-06-14T05:03:12.000Z"
"DAI","CEX.IO","DAI/USDT","1965.02760900","2021-06-14T05:03:10.000Z"
"DAI","DODO BSC","DAI/USDC","1917.68170926","2021-06-14T05:03:24.000Z"
"DAI","ComethSwap","DAI/USDT","1601.20539915","2021-05-19T11:54:07.000Z"
"DAI","SwipeSwap","DAI/USDC","1143.88130281","2021-06-14T05:03:13.000Z"
"DAI","FTX US","DAI/USD","1111.00000000","2021-06-14T05:00:08.000Z"
"DAI","BiKi","DAI/USDT","1105.20050000","2021-06-14T05:03:10.000Z"
"DAI","DODO BSC","DAI/USDT","864.55647421","2021-06-14T05:03:24.000Z"
"DAI","0x Protocol","DAI/TUSD","828.16066041","2021-06-11T03:48:16.000Z"
"DAI","DODO BSC","DAI/BUSD","787.96715269","2021-06-14T05:03:24.000Z"
"DAI","ViteX","DAI/USDT","589.61918367","2021-06-14T05:03:11.000Z"
"DAI","CoinZoom","DAI/USD","443.31534772","2021-06-14T05:00:10.000Z"
"DAI","HitBTC","DAI/USDC","272.37380994","2021-06-14T05:03:12.000Z"
"DAI","Changelly PRO","DAI/USDC","272.37380994","2021-06-14T05:03:10.000Z"
"DAI","1inch Exchange","DAI/TUSD","150.00000000","2021-06-13T17:18:23.000Z"
"DAI","Tokenize Xchange","DAI/USD","148.10714286","2021-06-14T05:00:10.000Z"
"DAI","Bamboo Relay","DAI/USDC","143.94740850","2021-06-14T05:03:13.000Z"
"DAI","BitBay","DAI/USDT","116.28318923","2021-06-14T05:03:11.000Z"
"DAI","50x","DAI/USDC","10.98697982","2021-06-14T05:03:15.000Z"
"DAI","Oasis","DAI/USDC","0.00000000","2021-06-14T05:03:11.000Z"
"DAI","Oasis","DAI/TUSD","0.00000000","2021-06-14T05:00:11.000Z"
"DAI","CoinEx","DAI/USDT","0.00000000","2021-06-01T09:12:23.000Z"
"DAI","Uniswap (V2)","DAI/MUSD","0.00000000","2020-11-11T14:42:07.000Z"
"DAI","Bamboo Relay","DAI/USDT","0.00000000","2021-06-14T05:03:12.000Z"
"DAI","Independent Reserve","DAI/USD","0.00000000","2021-06-14T05:00:16.000Z"
"DAI","CoinZoom","DAI/USDT","0.00000000","2021-06-14T05:03:10.000Z"
"DAI","CoinJar","DAI/USDC","0.00000000","2021-06-14T05:03:11.000Z"
"DAI","Loopring Exchange","DAI/USDT","0.00000000","2021-06-14T05:03:12.000Z"
"DAI","KULAP","DAI/USDC","0.00000000","2021-06-14T05:03:12.000Z"
"DAI","KULAP","DAI/USDT","0.00000000","2021-06-14T05:03:12.000Z"
"FEI","Uniswap (V3)","FEI/USDC","19771521.24292608","2021-06-14T05:03:07.000Z"
"FEI","Uniswap (V3)","FEI/USDT","2632426.10960736","2021-06-14T04:48:11.000Z"
"FEI","LBank","FEI/USDT","1913033.04000000","2021-06-14T04:48:12.000Z"
"FEI","AEX","FEI/USDT","1199530.41970000","2021-06-14T04:46:34.000Z"
"FEI","Uniswap (V2)","FEI/USDC","610000.86830086","2021-05-21T08:48:07.000Z"
"FEI","Hoo","FEI/USDT","310372.79000000","2021-06-14T04:48:12.000Z"
"FEI","MXC.COM","FEI/USDT","87091.29000000","2021-06-14T05:06:12.000Z"
"FEI","Gate.io","FEI/USDT","30146.21666209","2021-06-14T05:06:54.000Z"
"FRAX","Bilaxy","FRAX/USDC","212536.87840000","2021-06-14T05:03:11.000Z"
"FRAX","Uniswap (V2)","FRAX/USDC","164530.67288955","2021-06-14T05:03:11.000Z"
"FRAX","Hotbit","FRAX/USDT","81165.28308074","2021-06-14T05:03:15.000Z"
"FRAX","Gate.io","FRAX/USDT","32162.84166186","2021-06-14T05:04:53.000Z"
"FRAX","0x Protocol","FRAX/USDC","29267.71571300","2021-06-14T01:39:14.000Z"
"GUSD","BitMart","GUSD/USDT","7205498.83022350","2021-06-14T04:48:10.000Z"
"GUSD","Virtuse Exchange","GUSD/USDT","133866.99985221","2021-04-21T13:09:07.000Z"
"GUSD","Virtuse Exchange","GUSD/BUSD","78181.03357417","2021-04-21T13:09:07.000Z"
"GUSD","Hoo","GUSD/USDT","28762.63000000","2021-06-14T05:03:12.000Z"
"GUSD","EXMO","GUSD/USD","11103.16919064","2021-06-14T05:00:11.000Z"
"GUSD","CEX.IO","GUSD/USD","2716.89000000","2021-06-14T05:00:10.000Z"
"GUSD","XT.COM","GUSD/USDT","1019.15000000","2021-06-14T05:03:09.000Z"
"GUSD","Bitstamp","GUSD/USD","394.87439000","2021-06-14T05:01:53.000Z"
"GUSD","CEX.IO","GUSD/USDT","96.21000000","2021-06-14T05:03:10.000Z"
"GUSD","OKEx","GUSD/USDT","37.59959468","2021-06-14T05:05:54.000Z"
"GUSD","DigiFinex","GUSD/USDT","30.60857110","2021-06-14T05:03:10.000Z"
"GUSD","Hotbit","GUSD/USDT","0.20000000","2021-06-14T05:03:15.000Z"
"GUSD","Serenity","GUSD/USDT","0.00000000","2021-06-14T05:03:12.000Z"
"HUSD","MDEX","HUSD/USDT","437082167.47992516","2021-06-14T04:48:15.000Z"
"HUSD","Hoo","HUSD/USDT","24442.43000000","2021-06-14T05:03:12.000Z"
"HUSD","Gate.io","HUSD/USDT","20107.28475838","2021-06-14T05:04:53.000Z"
"HUSD","Tokenlon","HUSD/USDT","913.77750000","2021-06-14T05:03:11.000Z"
"HUSD","0x Protocol","HUSD/USDT","745.06054250","2021-05-27T21:33:13.000Z"
"HUSD","Hotbit","HUSD/USDT","4.00400802","2021-06-14T05:03:15.000Z"
"HUSD","Huobi Korea","HUSD/USDT","0.00000000","2021-04-29T01:54:08.000Z"
"LUSD","Uniswap (V3)","LUSD/DAI","553663.86765955","2021-06-14T05:03:07.000Z"
"LUSD","1inch Exchange","LUSD/DAI","265300.00000000","2021-06-14T04:42:29.000Z"
"LUSD","1inch Exchange","LUSD/USDC","32002.58473449","2021-06-14T05:03:24.000Z"
"LUSD","1inch Exchange","LUSD/USDT","4500.00000000","2021-06-14T05:06:21.000Z"
"MUSD","Balancer","MUSD/USDC","754.76771476","2021-06-14T05:03:08.000Z"
"PAX","BitMart","PAX/USDT","8776529.39799178","2021-06-14T04:48:10.000Z"
"PAX","Binance","PAX/USDT","3996806.25000000","2021-06-14T04:50:24.000Z"
"PAX","XT.COM","PAX/USDT","2589577.80960000","2021-06-14T04:45:13.000Z"
"PAX","TOKOK","PAX/USDT","1610290.89850000","2021-06-14T04:48:11.000Z"
"PAX","GokuMarket","PAX/USDT","1170836.96882559","2021-06-14T04:48:10.000Z"
"PAX","Coinsbit","PAX/USDT","996143.70405856","2021-06-14T04:48:11.000Z"
"PAX","DigiFinex","PAX/USDT","995484.37557144","2021-06-14T04:48:10.000Z"
"PAX","Deepcoin","PAX/USDT","716696.26451745","2021-06-14T04:48:10.000Z"
"PAX","OKEx","PAX/USDT","639432.11830151","2021-06-14T04:50:54.000Z"
"PAX","BitZ","PAX/USDT","541703.54000000","2021-06-14T04:48:11.000Z"
"PAX","BHEX (BlueHelix Exchange)","PAX/HUSD","405743.41611006","2021-06-14T05:03:10.000Z"
"PAX","Binance","PAX/BUSD","388953.09000000","2021-06-14T05:04:54.000Z"
"PAX","Bithumb Global","PAX/USDT","369860.48000000","2021-06-14T04:49:53.000Z"
"PAX","P2PB2B","PAX/USD","362275.04000000","2021-06-14T05:00:10.000Z"
"PAX","Bitrue","PAX/USDT","340349.99409823","2021-06-14T04:48:10.000Z"
"PAX","VCC Exchange","PAX/USDT","314409.22065520","2021-06-14T04:48:08.000Z"
"PAX","VinDAX","PAX/USDT","236369.78771302","2021-06-14T05:03:11.000Z"
"PAX","Huobi Global","PAX/HUSD","228880.10317775","2021-06-14T05:05:53.000Z"
"PAX","Bittrex","PAX/USD","142407.40782888","2021-06-14T05:02:53.000Z"
"PAX","LOEx","PAX/USDT","140596.97957817","2021-06-14T05:03:11.000Z"
"PAX","0x Protocol","PAX/USDC","97429.16899414","2021-06-13T21:18:11.000Z"
"PAX","Azbit","PAX/USDT","79027.51000000","2021-06-14T05:03:11.000Z"
"PAX","MXC.COM","PAX/USDT","74444.21000000","2021-06-14T05:03:12.000Z"
"PAX","Bitstamp","PAX/USD","68106.08615000","2021-06-14T05:01:53.000Z"
"PAX","CoinBene","PAX/USDT","54444.68144557","2021-06-14T05:03:11.000Z"
"PAX","Virtuse Exchange","PAX/USDT","53693.10191968","2021-06-14T05:03:11.000Z"
"PAX","Virtuse Exchange","PAX/BUSD","48821.75758110","2021-04-21T13:09:07.000Z"
"PAX","BankCEX","PAX/USDT","44633.75000000","2021-06-14T05:03:10.000Z"
"PAX","LocalTrade","PAX/USDT","36071.53357418","2021-06-14T05:03:12.000Z"
"PAX","Gate.io","PAX/USDT","30921.29606545","2021-06-14T05:05:53.000Z"
"PAX","Folgory","PAX/USDT","29022.12143000","2021-06-14T05:03:11.000Z"
"PAX","Huobi Global","PAX/USDT","25826.93441882","2021-06-14T05:04:54.000Z"
"PAX","Hoo","PAX/USDT","25735.43000000","2021-06-14T05:03:12.000Z"
"PAX","WazirX","PAX/USDT","24714.30000000","2021-06-14T05:03:10.000Z"
"PAX","WhiteBIT","PAX/USDT","22425.25000000","2021-06-14T05:03:10.000Z"
"PAX","Emirex","PAX/USDT","21165.37387894","2021-06-14T05:03:15.000Z"
"PAX","Tokenlon","PAX/USDC","14949.89000000","2021-06-01T02:09:12.000Z"
"PAX","ProBit Exchange","PAX/USDT","11899.65632384","2021-06-14T05:03:12.000Z"
"PAX","Resfinex","PAX/USDT","9802.39606034","2021-06-14T05:03:11.000Z"
"PAX","0x Protocol","PAX/USDT","3000.12986970","2021-06-12T18:09:10.000Z"
"PAX","BiKi","PAX/USDT","2172.69000000","2021-06-14T05:03:10.000Z"
"PAX","Tokenlon","PAX/DAI","2158.66511253","2020-12-23T00:30:08.000Z"
"PAX","CoinZoom","PAX/USDT","1800.01000000","2021-06-14T05:03:10.000Z"
"PAX","Poloniex","PAX/USDT","1063.68936476","2021-06-14T05:05:53.000Z"
"PAX","BigONE","PAX/USDT","924.36000000","2021-05-28T10:06:12.000Z"
"PAX","Tokenlon","PAX/TUSD","509.77311120","2021-06-01T02:09:12.000Z"
"PAX","Bitfinex","PAX/USDT","474.10596174","2021-06-14T05:04:53.000Z"
"PAX","Tokenlon","PAX/USDT","359.00000000","2021-06-14T05:03:11.000Z"
"PAX","Bitfinex","PAX/USD","321.33520597","2021-06-14T05:02:53.000Z"
"PAX","Dove Wallet","PAX/TUSD","163.13979685","2021-06-14T05:00:08.000Z"
"PAX","AscendEX (Bitmax)","PAX/USDT","74.30000000","2021-06-14T05:03:11.000Z"
"PAX","DragonEX","PAX/USDT","71.66871227","2021-06-14T05:03:11.000Z"
"PAX","ZB.COM","PAX/USDT","36.48110000","2021-06-14T05:03:12.000Z"
"PAX","Hotbit","PAX/USDT","26.34817847","2021-06-14T05:03:15.000Z"
"PAX","1inch Exchange","PAX/USDC","16.90412418","2021-06-07T21:36:22.000Z"
"PAX","Blockchain.com","PAX/USD","8.34166800","2021-06-14T05:00:11.000Z"
"PAX","Dove Wallet","PAX/USDC","0.76134799","2021-06-14T05:03:11.000Z"
"PAX","Dove Wallet","PAX/USDT","0.09036956","2021-06-14T05:03:11.000Z"
"PAX","CoinEx","PAX/USDT","0.00000000","2021-06-01T09:12:23.000Z"
"PAX","C2CX","PAX/USDT","0.00000000","2021-06-13T22:26:08.000Z"
"PAX","BitRabbit","PAX/USDT","0.00000000","2021-06-14T05:03:12.000Z"
"PAX","ATOMARS","PAX/USDT","0.00000000","2021-06-14T05:03:11.000Z"
"PAX","CoinZoom","PAX/USD","0.00000000","2021-06-14T05:00:10.000Z"
"SUSD","1inch Exchange","SUSD/USDC","408124.31418957","2021-06-14T05:03:24.000Z"
"SUSD","1inch Exchange","SUSD/USDT","244777.78139852","2021-06-14T05:03:24.000Z"
"SUSD","Binance","SUSD/USDT","96106.00000000","2021-06-14T05:04:54.000Z"
"SUSD","Hoo","SUSD/USDT","28690.98000000","2021-02-19T11:00:07.000Z"
"SUSD","KuCoin","SUSD/USDT","5235.85140508","2021-06-14T05:04:53.000Z"
"SUSD","0x Protocol","SUSD/DAI","1191.46228088","2021-06-12T18:39:16.000Z"
"SUSD","1inch Exchange","SUSD/DAI","535.13666072","2021-06-13T01:15:20.000Z"
"SUSD","Balancer","SUSD/USDC","293.03528698","2021-06-12T05:57:10.000Z"
"SUSD","Balancer","SUSD/DAI","0.63928540","2021-04-26T13:54:12.000Z"
"TUSD","Binance","TUSD/USDT","8998661.21000000","2021-06-14T05:01:54.000Z"
"TUSD","Coinsbit","TUSD/USDT","6992856.09638700","2021-06-14T05:00:07.000Z"
"TUSD","IndoEx","TUSD/USDT","3544066.75390182","2021-06-14T05:00:10.000Z"
"TUSD","BitMart","TUSD/USDT","2309670.24136282","2021-06-14T05:00:11.000Z"
"TUSD","XT.COM","TUSD/USDT","1873413.98000000","2021-06-14T05:00:09.000Z"
"TUSD","Binance","TUSD/BUSD","1741415.69000000","2021-06-14T05:01:54.000Z"
"TUSD","VCC Exchange","TUSD/USDT","1668830.16154431","2021-06-14T05:00:11.000Z"
"TUSD","GokuMarket","TUSD/USDT","1460407.97440411","2021-06-14T05:00:11.000Z"
"TUSD","DigiFinex","TUSD/USDT","1454529.44810270","2021-06-14T05:00:12.000Z"
"TUSD","Bitrue","TUSD/USDT","1139843.09904952","2021-06-14T05:00:11.000Z"
"TUSD","Flybit","TUSD/USDT","650518.58371674","2021-06-14T05:00:13.000Z"
"TUSD","Bittrex","TUSD/USD","358732.30582563","2021-06-14T05:01:53.000Z"
"TUSD","LATOKEN","TUSD/USDT","310875.20257652","2021-06-14T05:00:12.000Z"
"TUSD","OKEx","TUSD/USDT","216864.89890666","2021-06-14T05:01:54.000Z"
"TUSD","Mexo Exchange","TUSD/USDT","177662.97566170","2021-06-14T05:00:11.000Z"
"TUSD","Bithumb Global","TUSD/USDT","118081.89000000","2021-06-14T05:01:53.000Z"
"TUSD","LocalTrade","TUSD/USDT","90573.06363344","2021-06-14T05:00:10.000Z"
"TUSD","Alterdice","TUSD/USD","88084.58000000","2021-05-13T09:12:08.000Z"
"TUSD","WhiteBIT","TUSD/USDT","80591.30000000","2021-06-14T05:00:12.000Z"
"TUSD","MXC.COM","TUSD/USDT","79416.86000000","2021-06-14T05:00:16.000Z"
"TUSD","Huobi Global","TUSD/HUSD","63985.50611446","2021-06-14T05:01:53.000Z"
"TUSD","Hoo","TUSD/USDT","62849.16000000","2021-06-14T05:00:12.000Z"
"TUSD","Exrates","TUSD/USD","53591.99000000","2021-06-14T05:00:12.000Z"
"TUSD","1inch Exchange","TUSD/DAI","43339.73430472","2021-06-14T05:00:24.000Z"
"TUSD","0x Protocol","TUSD/DAI","25000.00000000","2021-06-12T08:54:12.000Z"
"TUSD","WazirX","TUSD/USDT","24123.09000000","2021-06-14T05:00:12.000Z"
"TUSD","Folgory","TUSD/USDT","22442.11620600","2021-06-14T05:00:09.000Z"
"TUSD","CEX.IO","TUSD/USD","14178.19548700","2021-06-14T05:00:10.000Z"
"TUSD","Bitsdaq","TUSD/USDT","13446.60757644","2021-06-14T05:00:07.000Z"
"TUSD","Bittrex","TUSD/USDT","13441.68948371","2021-06-14T05:01:53.000Z"
"TUSD","1inch Exchange","TUSD/USDC","10623.50218184","2021-06-13T10:30:18.000Z"
"TUSD","ProBit Exchange","TUSD/USDT","10402.15938535","2021-06-14T05:00:15.000Z"
"TUSD","Gate.io","TUSD/USDT","4380.26396776","2021-06-14T05:01:54.000Z"
"TUSD","CoinDCX","TUSD/USDT","2605.39232146","2021-06-14T05:00:11.000Z"
"TUSD","ZBG","TUSD/USDT","1462.14780000","2020-12-25T16:57:10.000Z"
"TUSD","50x","TUSD/USDT","753.64380478","2021-06-14T05:00:12.000Z"
"TUSD","Bitfinex","TUSD/USDT","678.53737684","2021-06-14T05:01:53.000Z"
"TUSD","Bitfinex","TUSD/USD","487.19819609","2021-06-14T05:01:53.000Z"
"TUSD","HitBTC","TUSD/USDC","440.40269186","2021-06-14T05:00:12.000Z"
"TUSD","Changelly PRO","TUSD/USDC","440.40269186","2021-06-14T05:00:09.000Z"
"TUSD","Hotbit","TUSD/USDT","281.62052359","2021-06-14T04:57:10.000Z"
"TUSD","CEX.IO","TUSD/USDT","237.31994600","2021-06-14T05:00:10.000Z"
"TUSD","Dove Wallet","TUSD/PAX","164.23153314","2021-06-14T05:00:08.000Z"
"TUSD","Tokenlon","TUSD/USDT","54.00000000","2021-06-14T05:00:19.000Z"
"TUSD","Dove Wallet","TUSD/USDC","34.09039111","2021-06-14T05:00:08.000Z"
"TUSD","50x","TUSD/DAI","10.10510837","2021-06-14T05:00:12.000Z"
"TUSD","Dove Wallet","TUSD/USDT","6.03508616","2021-06-14T05:00:08.000Z"
"TUSD","HitBTC","TUSD/DAI","3.08079674","2021-06-14T05:00:12.000Z"
"TUSD","Changelly PRO","TUSD/DAI","3.08079674","2021-06-14T05:00:09.000Z"
"TUSD","CoinEx","TUSD/USDT","0.00000000","2021-06-01T09:12:23.000Z"
"TUSD","VELIC","TUSD/USDT","0.00000000","2021-06-14T05:00:15.000Z"
"TUSD","Bamboo Relay","TUSD/USDC","0.00000000","2021-06-14T05:00:12.000Z"
"TUSD","ATOMARS","TUSD/USDT","0.00000000","2021-06-14T05:00:12.000Z"
"TUSD","CoinZoom","TUSD/USD","0.00000000","2021-06-14T05:00:10.000Z"
"TUSD","CoinZoom","TUSD/USDT","0.00000000","2021-06-14T05:00:10.000Z"
"TUSD","Pangolin","TUSD/DAI","0.00000000","2021-06-14T05:00:24.000Z"
"USDC","Binance","USDC/USDT","96118277.96000000","2021-06-14T04:49:54.000Z"
"USDC","Binance","USDC/BUSD","47616866.39000000","2021-06-14T05:04:54.000Z"
"USDC","DODO","USDC/USDT","31558083.40763909","2021-06-14T04:48:11.000Z"
"USDC","Deepcoin","USDC/USDT","20115497.59951890","2021-06-14T04:48:10.000Z"
"USDC","Kraken","USDC/USD","15340135.44284746","2021-06-14T05:01:54.000Z"
"USDC","1inch Exchange","USDC/USDT","11057910.82377785","2021-06-14T04:48:28.000Z"
"USDC","DigiFinex","USDC/USDT","8931315.83242754","2021-06-14T04:48:10.000Z"
"USDC","Kraken","USDC/USDT","7800411.96708900","2021-06-14T04:49:54.000Z"
"USDC","Curve Finance","USDC/SUSD","6593905.14283679","2021-06-14T05:03:14.000Z"
"USDC","Flybit","USDC/USDT","6437944.89897980","2021-06-14T04:48:11.000Z"
"USDC","QuickSwap","USDC/DAI","5919965.21122513","2021-06-14T05:03:10.000Z"
"USDC","QuickSwap","USDC/USDT","5523298.66446957","2021-06-14T04:48:07.000Z"
"USDC","KuCoin","USDC/USDT","4049609.53323125","2021-06-14T04:49:53.000Z"
"USDC","LATOKEN","USDC/USDT","3674308.33493394","2021-06-14T04:48:10.000Z"
"USDC","AscendEX (Bitmax)","USDC/USDT","3003539.00000000","2021-06-14T04:48:10.000Z"
"USDC","IndoEx","USDC/USDT","2918443.91668986","2021-06-14T04:48:11.000Z"
"USDC","BitMart","USDC/USDT","2837763.04444622","2021-06-14T04:48:10.000Z"
"USDC","Huobi Global","USDC/USDT","2776984.05480584","2021-06-14T04:49:53.000Z"
"USDC","Curve Finance","USDC/USDT","2583554.51889626","2021-06-14T04:48:10.000Z"
"USDC","OKEx","USDC/USDT","2443846.44492801","2021-06-14T04:49:54.000Z"
"USDC","GokuMarket","USDC/USDT","2397837.02260971","2021-06-14T04:48:10.000Z"
"USDC","Uniswap (V2)","USDC/USDT","2319664.68805216","2021-06-14T04:48:11.000Z"
"USDC","Binance.US","USDC/USD","2212465.33093381","2021-06-14T05:01:53.000Z"
"USDC","LocalTrade","USDC/USDT","1925729.49923799","2021-06-14T04:48:10.000Z"
"USDC","1inch Exchange","USDC/DAI","1770009.48820717","2021-06-14T05:03:24.000Z"
"USDC","Xtheta Global","USDC/USDT","1563015.18074785","2021-06-14T04:48:12.000Z"
"USDC","Curve Finance","USDC/BUSD","1158347.28897038","2021-06-14T05:03:14.000Z"
"USDC","1inch Exchange","USDC/SUSD","993389.56995762","2021-06-14T05:03:24.000Z"
"USDC","Dfyn Network","USDC/USDT","736553.32829124","2021-06-14T04:48:10.000Z"
"USDC","Bitstamp","USDC/USD","710763.91891000","2021-06-14T05:01:53.000Z"
"USDC","KuCoin","USDC/UST","705995.84154800","2021-06-14T05:04:53.000Z"
"USDC","Gate.io","USDC/USDT","566278.52282701","2021-06-14T04:49:53.000Z"
"USDC","ExMarkets","USDC/USDT","532342.96000000","2021-06-14T04:48:12.000Z"
"USDC","Liquid","USDC/USD","529226.12040400","2021-06-14T05:01:53.000Z"
"USDC","Omgfin","USDC/USDT","409198.70354765","2021-06-14T04:21:39.000Z"
"USDC","Coinsbit","USDC/USDT","400850.82025884","2021-06-14T04:48:11.000Z"
"USDC","0x Protocol","USDC/USDT","398992.23895536","2021-06-14T04:48:29.000Z"
"USDC","Bittrex","USDC/USD","391004.48349797","2021-06-14T05:01:53.000Z"
"USDC","OceanEx","USDC/USDT","376266.97000000","2021-06-14T04:48:10.000Z"
"USDC","Emirex","USDC/USDT","374617.90458600","2021-06-14T04:48:12.000Z"
"USDC","Bitrue","USDC/USDT","366272.32546509","2021-06-14T04:48:10.000Z"
"USDC","Curve Finance","USDC/TUSD","300073.89414484","2021-06-14T05:00:12.000Z"
"USDC","CoinEx","USDC/USDT","283840.94835381","2021-06-14T04:49:53.000Z"
"USDC","Exrates","USDC/USD","272003.44000000","2021-06-14T05:00:12.000Z"
"USDC","Bilaxy","USDC/USDT","263711.70000000","2021-06-14T04:48:07.000Z"
"USDC","Huobi Global","USDC/HUSD","251039.50511038","2021-06-14T05:04:54.000Z"
"USDC","Crypto.com Exchange","USDC/USDT","249321.44000000","2021-06-14T04:48:10.000Z"
"USDC","Bittrex","USDC/USDT","248582.15715758","2021-06-14T04:49:53.000Z"
"USDC","Curve Finance","USDC/PAX","202685.54780048","2021-06-14T05:03:14.000Z"
"USDC","MXC.COM","USDC/USDT","198904.74000000","2021-06-14T05:03:12.000Z"
"USDC","Tokenlon","USDC/USDT","165274.16495200","2021-06-14T05:03:11.000Z"
"USDC","WhiteBIT","USDC/USDT","154368.75070000","2021-06-14T05:03:10.000Z"
"USDC","Bitfinex","USDC/USD","122045.95337880","2021-06-14T05:01:53.000Z"
"USDC","Loopring Exchange","USDC/USDT","111982.80343931","2021-06-14T05:03:12.000Z"
"USDC","MXC.COM","USDC/UST","102687.90000000","2021-06-14T05:03:12.000Z"
"USDC","OpenOcean","USDC/USDT","101133.20000000","2021-06-12T18:51:09.000Z"
"USDC","VinDAX","USDC/USDT","83798.57287117","2021-06-14T05:03:11.000Z"
"USDC","BakerySwap","USDC/BUSD","63398.86458169","2021-06-14T05:03:14.000Z"
"USDC","Folgory","USDC/USDT","54690.47324500","2021-06-14T05:03:11.000Z"
"USDC","WazirX","USDC/USDT","52419.91000000","2021-06-14T05:03:10.000Z"
"USDC","Azbit","USDC/USDT","50146.90000000","2021-06-14T05:03:11.000Z"
"USDC","Hoo","USDC/USDT","47943.12000000","2021-06-14T05:03:12.000Z"
"USDC","0x Protocol","USDC/FRAX","36000.00000000","2021-06-14T02:33:14.000Z"
"USDC","AAX","USDC/USDT","32912.82556334","2021-06-14T05:03:07.000Z"
"USDC","Hotbit","USDC/USDT","28235.19255840","2021-06-14T05:03:15.000Z"
"USDC","CEX.IO","USDC/USD","27225.65868500","2021-06-14T05:00:10.000Z"
"USDC","B2BX","USDC/USDT","25284.17915441","2021-06-14T05:03:11.000Z"
"USDC","CROSS exchange","USDC/USDT","22238.23428914","2021-06-14T05:03:10.000Z"
"USDC","ComethSwap","USDC/DAI","19671.22398917","2021-05-11T14:30:07.000Z"
"USDC","EXMO","USDC/USDT","16822.12072575","2021-06-14T05:03:10.000Z"
"USDC","OpenOcean","USDC/UST","16748.98874974","2021-05-21T13:36:09.000Z"
"USDC","ProBit Exchange","USDC/USDT","16536.46371674","2021-06-14T05:03:12.000Z"
"USDC","Tokenlon","USDC/DAI","15499.00000000","2021-06-14T05:03:11.000Z"
"USDC","CoinDCX","USDC/USDT","14647.71417283","2021-06-14T05:03:12.000Z"
"USDC","BtcTurk | Pro","USDC/USDT","13781.37000000","2021-06-14T05:04:53.000Z"
"USDC","EXMO","USDC/USD","11754.65834820","2021-06-14T05:00:11.000Z"
"USDC","Okcoin","USDC/USD","10241.89438944","2021-06-14T05:00:10.000Z"
"USDC","Waves Exchange","USDC/USDT","9948.73440600","2021-06-14T05:03:12.000Z"
"USDC","Zipmex","USDC/USD","7501.40914879","2021-06-14T05:00:10.000Z"
"USDC","OpenOcean","USDC/DAI","7091.31462966","2021-06-08T18:18:12.000Z"
"USDC","1inch Exchange","USDC/TUSD","6080.16252594","2021-06-14T05:00:24.000Z"
"USDC","BiKi","USDC/USDT","6025.93600000","2021-06-14T05:03:10.000Z"
"USDC","ComethSwap","USDC/USDT","5442.65418053","2021-05-17T05:30:11.000Z"
"USDC","Bitfinex","USDC/USDT","2869.92729561","2021-06-14T05:04:53.000Z"
"USDC","SwipeSwap","USDC/USDT","2840.68854304","2021-06-14T05:03:13.000Z"
"USDC","Tokenlon","USDC/TUSD","2149.24875900","2021-06-01T02:09:12.000Z"
"USDC","OpenOcean","USDC/BUSD","2080.51388286","2021-06-14T05:03:12.000Z"
"USDC","Waves Exchange","USDC/USDN","1046.97619100","2021-06-14T05:03:12.000Z"
"USDC","CrossTower","USDC/USD","722.73919794","2021-06-14T05:00:12.000Z"
"USDC","CoinZoom","USDC/USD","664.69646965","2021-06-14T05:00:10.000Z"
"USDC","Dfyn Network","USDC/DAI","331.07018332","2021-05-21T22:39:07.000Z"
"USDC","ViteX","USDC/USDT","234.69501247","2021-06-14T05:03:11.000Z"
"USDC","SpiritSwap","USDC/FRAX","209.96653815","2021-06-14T05:03:10.000Z"
"USDC","CEX.IO","USDC/USDT","191.72620900","2021-06-14T05:03:10.000Z"
"USDC","Tokenize Xchange","USDC/USD","35.06291633","2021-06-14T05:00:10.000Z"
"USDC","Dove Wallet","USDC/TUSD","33.88667405","2021-06-14T05:00:08.000Z"
"USDC","Dove Wallet","USDC/USDT","28.15964837","2021-06-14T05:03:11.000Z"
"USDC","Mooniswap","USDC/DAI","23.69471100","2021-06-14T04:24:10.000Z"
"USDC","DeversiFi","USDC/USDT","11.17367214","2021-06-14T05:03:10.000Z"
"USDC","BitBay","USDC/USD","5.59951680","2021-06-14T05:00:11.000Z"
"USDC","Sushiswap","USDC/USDT","0.99797998","2021-06-04T15:54:11.000Z"
"USDC","Dove Wallet","USDC/PAX","0.75719229","2021-06-14T05:03:11.000Z"
"USDC","VELIC","USDC/USDT","0.00000000","2021-06-14T05:03:11.000Z"
"USDC","BitRabbit","USDC/USDT","0.00000000","2021-06-14T05:03:12.000Z"
"USDC","Independent Reserve","USDC/USD","0.00000000","2021-06-14T05:00:16.000Z"
"USDC","ATOMARS","USDC/USDT","0.00000000","2021-06-14T05:03:11.000Z"
"USDC","Switcheo Network","USDC/DAI","0.00000000","2021-06-14T05:03:10.000Z"
"USDC","CoinZoom","USDC/USDT","0.00000000","2021-06-14T05:03:10.000Z"
"USDC","Koinbazar","USDC/USDT","0.00000000","2021-06-14T05:03:11.000Z"
"USDC","Uniswap (V3)","USDC/USDT","0.00000000","2021-06-14T05:03:07.000Z"
"USDC","PlasmaSwap","USDC/USDT","0.00000000","2021-06-14T05:03:11.000Z"
"USDK","Okcoin","USDK/USD","53.51335134","2021-06-14T05:00:10.000Z"
"USDK","Bitfinex","USDK/USD","12.99699800","2021-06-14T05:01:53.000Z"
"USDN","KuCoin","USDN/USDT","11493086.14194790","2021-06-14T04:49:53.000Z"
"USDN","Curve Finance","USDN/USDT","1147217.63531295","2021-06-14T04:48:10.000Z"
"USDN","MXC.COM","USDN/USDT","463188.60000000","2021-06-14T04:48:15.000Z"
"USDN","Curve Finance","USDN/USDC","378411.92875788","2021-06-14T05:03:14.000Z"
"USDN","Curve Finance","USDN/DAI","147769.53922145","2021-06-14T05:03:14.000Z"
"USDN","Uniswap (V2)","USDN/USDT","6514.62615230","2021-06-08T13:48:07.000Z"
"USDN","Bittrex","USDN/USDT","2149.84686934","2021-06-14T05:04:53.000Z"
"USDN","Tidex","USDN/USDT","1363.50960169","2021-06-14T05:03:14.000Z"
"USDN","Hotbit","USDN/USDT","308.69737879","2021-06-14T05:03:15.000Z"
"USDT","MDEX(BSC)","USDT/BUSD","298967797.37459266","2021-06-14T04:48:10.000Z"
"USDT","Bitfront","USDT/USD","117180711.94121851","2021-06-14T05:00:09.000Z"
"USDT","Binance.US","USDT/USD","117177486.43152739","2021-06-14T05:00:53.000Z"
"USDT","Kraken","USDT/USD","98064198.76748782","2021-06-14T05:01:54.000Z"
"USDT","IndoEx","USDT/USD","90636655.07132007","2021-06-14T05:00:10.000Z"
"USDT","MDEX(BSC)","USDT/USDC","88977045.31471097","2021-06-14T04:48:10.000Z"
"USDT","Bitfinex","USDT/USD","50904987.54020813","2021-06-14T05:01:53.000Z"
"USDT","DODO","USDT/USDC","28478993.97010809","2021-06-14T04:48:11.000Z"
"USDT","FTX","USDT/USD","27643045.84742526","2021-06-14T05:00:53.000Z"
"USDT","Huobi Global","USDT/HUSD","24220267.43577037","2021-06-14T04:49:53.000Z"
"USDT","Coinbase Exchange","USDT/USD","18978086.46000000","2021-06-14T05:00:23.000Z"
"USDT","Binance","USDT/DAI","14436525.70000000","2021-06-14T04:49:54.000Z"
"USDT","KuCoin","USDT/UST","14406324.24738469","2021-06-14T04:49:53.000Z"
"USDT","KLAYswap","USDT/DAI","10427588.17834957","2021-06-11T01:39:07.000Z"
"USDT","OKEx","USDT/USDK","6999095.10413952","2021-06-14T04:49:54.000Z"
"USDT","Bittrex","USDT/USD","5884511.87512436","2021-06-14T05:01:53.000Z"
"USDT","Curve Finance","USDT/SUSD","4349640.58452568","2021-06-14T05:03:14.000Z"
"USDT","Okcoin","USDT/USD","3241457.23030000","2021-06-14T05:00:10.000Z"
"USDT","KuCoin","USDT/USDC","3083106.80066260","2021-06-14T04:49:53.000Z"
"USDT","DODO BSC","USDT/BUSD","2734785.76927511","2021-06-14T04:48:23.000Z"
"USDT","1inch Exchange","USDT/USDC","1843083.42808878","2021-06-14T04:48:28.000Z"
"USDT","Coinbase Exchange","USDT/USDC","1503611.21000000","2021-06-14T04:48:23.000Z"
"USDT","BKEX","USDT/DAI","1451682.15230000","2021-06-14T04:48:10.000Z"
"USDT","EXMO","USDT/USD","1193055.22622726","2021-06-14T05:00:11.000Z"
"USDT","CEX.IO","USDT/USD","776210.29326800","2021-06-14T05:00:10.000Z"
"USDT","Emirex","USDT/USD","692323.67736167","2021-06-14T05:00:09.000Z"
"USDT","1inch Exchange","USDT/SUSD","684137.33078700","2021-06-14T05:03:24.000Z"
"USDT","Bilaxy","USDT/DAI","656633.07000000","2021-06-14T04:48:07.000Z"
"USDT","BTSE","USDT/USD","535971.94961008","2021-06-14T05:00:44.000Z"
"USDT","KuCoin","USDT/TUSD","500187.87951049","2021-06-14T05:01:53.000Z"
"USDT","KuCoin","USDT/DAI","479178.29012254","2021-06-14T04:49:53.000Z"
"USDT","Curve Finance","USDT/BUSD","444777.31912936","2021-06-14T04:48:10.000Z"
"USDT","Poloniex","USDT/USDC","405553.85673554","2021-06-14T04:49:54.000Z"
"USDT","OceanEx","USDT/USD","303789.30000000","2021-06-14T05:00:11.000Z"
"USDT","CoinFLEX","USDT/USD","293103.13535107","2021-06-14T05:00:44.000Z"
"USDT","CoinFLEX","USDT/USD","292085.50375300","2021-06-14T05:00:12.000Z"
"USDT","Waves Exchange","USDT/USDN","270644.52759600","2021-06-14T04:48:10.000Z"
"USDT","FTX","USDT/USD","234453.95490902","2021-06-14T05:00:19.000Z"
"USDT","DODO BSC","USDT/USDC","211982.58516860","2021-06-14T05:03:24.000Z"
"USDT","CoinZoom","USDT/USD","192624.45532680","2021-06-14T05:00:10.000Z"
"USDT","HitBTC","USDT/PAX","189711.47966654","2021-06-14T05:03:12.000Z"
"USDT","B2BX","USDT/USD","173948.62099948","2021-06-14T05:00:09.000Z"
"USDT","WhiteBIT","USDT/USD","138055.99030000","2021-06-14T05:00:12.000Z"
"USDT","0x Protocol","USDT/USDC","136426.33146766","2021-06-14T05:03:19.000Z"
"USDT","Polyx","USDT/USD","122510.74332298","2021-06-14T05:00:11.000Z"
"USDT","BHEX (BlueHelix Exchange)","USDT/HUSD","97304.30196205","2021-06-14T05:03:10.000Z"
"USDT","Virtuse Exchange","USDT/BUSD","82700.67009292","2021-04-21T13:09:07.000Z"
"USDT","Curve Finance","USDT/TUSD","69327.98289658","2021-06-14T05:00:12.000Z"
"USDT","0x Protocol","USDT/DAI","62833.77171058","2021-06-14T05:03:19.000Z"
"USDT","Bibox","USDT/USDC","62106.00000000","2021-06-14T05:03:11.000Z"
"USDT","Emirex","USDT/DAI","61507.41891513","2021-06-14T05:03:15.000Z"
"USDT","Blockchain.com","USDT/USD","52517.54642952","2021-06-14T05:00:11.000Z"
"USDT","MXC.COM","USDT/UST","48011.82000000","2021-06-14T05:03:12.000Z"
"USDT","FTX US","USDT/USD","45909.42164451","2021-06-14T05:00:08.000Z"
"USDT","BTSE","USDT/USD","40668.13255302","2021-06-14T05:00:10.000Z"
"USDT","JulSwap","USDT/BUSD","38569.49116025","2021-06-14T05:03:07.000Z"
"USDT","Changelly PRO","USDT/USDC","34103.89768288","2021-06-14T05:03:10.000Z"
"USDT","HitBTC","USDT/USDC","34103.89768288","2021-06-14T05:03:12.000Z"
"USDT","Folgory","USDT/DAI","33440.54664200","2021-06-14T05:03:11.000Z"
"USDT","1inch Exchange","USDT/FEI","29832.27989819","2021-06-14T05:06:21.000Z"
"USDT","Tidex","USDT/USD","27279.50505051","2021-06-14T05:00:12.000Z"
"USDT","KuCoin","USDT/PAX","25960.10203580","2021-06-14T05:04:53.000Z"
"USDT","Honeyswap","USDT/USDC","16009.58618097","2021-06-14T05:03:10.000Z"
"USDT","Kuna","USDT/USD","15604.07900000","2021-06-14T05:00:10.000Z"
"USDT","HitBTC","USDT/DAI","15349.61636513","2021-06-14T05:03:12.000Z"
"USDT","Changelly PRO","USDT/DAI","15349.61636513","2021-06-14T05:03:10.000Z"
"USDT","BakerySwap","USDT/BUSD","11617.16185453","2021-06-14T05:03:14.000Z"
"USDT","OpenOcean","USDT/UST","10000.00000000","2021-06-01T08:06:12.000Z"
"USDT","Zipmex","USDT/USD","7506.62214488","2021-06-14T05:00:10.000Z"
"USDT","OpenOcean","USDT/BUSD","7183.89449000","2021-06-14T05:03:12.000Z"
"USDT","HitBTC","USDT/TUSD","6329.58504227","2021-06-14T05:00:12.000Z"
"USDT","Changelly PRO","USDT/TUSD","6329.58504227","2021-06-14T05:00:09.000Z"
"USDT","0x Protocol","USDT/TUSD","5222.33028300","2021-06-13T21:51:12.000Z"
"USDT","Coinsuper","USDT/USD","4658.68320000","2021-06-14T05:00:12.000Z"
"USDT","EQUOS","USDT/USDC","3052.12800000","2021-06-14T05:03:10.000Z"
"USDT","Curve Finance","USDT/PAX","2567.01584604","2021-06-12T16:27:10.000Z"
"USDT","OpenOcean","USDT/USDC","2485.61850716","2021-06-14T05:03:12.000Z"
"USDT","Independent Reserve","USDT/USD","2130.53065000","2021-06-14T05:00:16.000Z"
"USDT","50x","USDT/TUSD","758.77454538","2021-06-14T05:00:12.000Z"
"USDT","NiceHash","USDT/USDC","596.34307062","2021-06-14T05:03:11.000Z"
"USDT","Kuna","USDT/USDC","460.51100000","2021-06-14T05:03:07.000Z"
"USDT","OpenOcean","USDT/DAI","429.70044902","2021-06-14T05:03:12.000Z"
"USDT","0x Protocol","USDT/PAX","358.78700800","2021-06-14T05:03:19.000Z"
"USDT","SwipeSwap","USDT/BUSD","187.76942875","2021-06-14T05:03:13.000Z"
"USDT","CoinDCX","USDT/DAI","174.40571729","2021-06-14T05:03:12.000Z"
"USDT","BITEXBOOK","USDT/USD","89.86923867","2021-06-14T05:00:11.000Z"
"USDT","Dove Wallet","USDT/USDC","27.10986844","2021-06-14T05:03:11.000Z"
"USDT","50x","USDT/DAI","9.96986124","2021-06-14T05:03:15.000Z"
"USDT","Tokenize Xchange","USDT/USD","6.76420235","2021-06-14T05:00:10.000Z"
"USDT","Dove Wallet","USDT/TUSD","6.20379603","2021-06-14T05:00:08.000Z"
"USDT","Nash","USDT/USDC","6.00000000","2021-01-25T07:42:07.000Z"
"USDT","Mooniswap","USDT/DAI","2.63266700","2021-06-05T11:21:07.000Z"
"USDT","Mooniswap","USDT/USDC","0.65572200","2021-06-05T11:21:07.000Z"
"USDT","Dove Wallet","USDT/PAX","0.09031365","2021-06-14T05:03:11.000Z"
"USDT","EMX","USDT/USD","0.00000000","2021-06-07T05:57:44.000Z"
"USDT","Beaxy","USDT/USDC","0.00000000","2021-06-14T05:03:10.000Z"
"USDT","Coindeal","USDT/USD","0.00000000","2021-02-11T10:30:17.000Z"
"USDT","Switcheo Network","USDT/DAI","0.00000000","2021-06-14T05:03:10.000Z"
"USDT","Huobi Global","USDT/USD","0.00000000","2020-12-09T03:45:45.000Z"
"USDT","Huobi Indonesia","USDT/HUSD","0.00000000","2021-06-14T05:03:11.000Z"
"USDT","SwipeSwap","USDT/USDC","0.00000000","2021-06-14T05:03:13.000Z"
"UST","1inch Exchange","UST/USDT","4779509.65424578","2021-06-14T04:48:28.000Z"
"UST","MXC.COM","UST/USDT","294080.30000000","2021-06-14T04:48:15.000Z"
"UST","OpenOcean","UST/BUSD","234429.02984610","2021-06-14T05:03:12.000Z"
"UST","Uniswap (V2)","UST/USDT","190505.96855372","2021-06-14T05:03:11.000Z"
"UST","Gate.io","UST/USDT","70327.63680317","2021-06-14T05:04:53.000Z"
"UST","Bittrex","UST/USDT","46744.29189389","2021-06-14T05:04:53.000Z"
"UST","DODO BSC","UST/USDT","15819.21680991","2021-06-14T05:03:24.000Z"
"UST","DODO BSC","UST/BUSD","13312.12435391","2021-06-14T03:57:22.000Z"
"UST","OpenOcean","UST/USDT","4006.03595400","2021-06-02T15:09:11.000Z"
"UST","OpenOcean","UST/USDC","2397.60000000","2021-05-24T15:27:08.000Z"
